{
  "mentions": [
    {
      "id": "e7915cb3-e67c-4c41-8ab8-5e85b725bf78",
      "message_id": "212d87c2-76a7-4dd4-8d08-5b5cf911bc70",
      "mentioned_user_id": "582e2bd0-a0fc-4a14-befc-27f8bab02fdd",
      "mentioning_user_id": "582e2bd0-a0fc-4a14-befc-27f8bab02fdd",
      "timestamp": "2025-08-19T23:28:12.307906",
      "read": true
    },
    {
      "id": "f9d51485-0719-408d-b147-53d5f5adb160",
      "message_id": "8f08fdae-712d-4906-aace-e46f6c52bcf3",
      "mentioned_user_id": "582e2bd0-a0fc-4a14-befc-27f8bab02fdd",
      "mentioning_user_id": "b535706c-68f9-4ae4-81e7-7e9ecb8912be",
      "timestamp": "2025-08-20T11:34:39.902857",
      "read": true
    },
    {
      "id": "77844029-5254-465d-9a73-e843dfbda6a4",
      "message_id": "eb1be267-6eca-430f-add1-9d94158907d0",
      "mentioned_user_id": "b535706c-68f9-4ae4-81e7-7e9ecb8912be",
      "mentioning_user_id": "582e2bd0-a0fc-4a14-befc-27f8bab02fdd",
      "timestamp": "2025-08-20T11:57:28.900075",
      "read": false,
      "message_text": "@Bbb привет",
      "mentioning_username": "Aaa"
    },
    {
      "id": "e9d6dfec-54cd-4b6e-b3e8-f671a9cf07c0",
      "message_id": "c4511c18-fffd-43c0-9aa5-38628a236bb3",
      "mentioned_user_id": "582e2bd0-a0fc-4a14-befc-27f8bab02fdd",
      "mentioning_user_id": "582e2bd0-a0fc-4a14-befc-27f8bab02fdd",
      "mentioning_username": "Aaa",
      "message_text": "@Aaa тупой",
      "timestamp": "2025-08-20T12:28:17.441144",
      "read": false
    },
    {
      "id": "cae22de7-1920-4300-8a0d-79acb04fed71",
      "message_id": "b505bb15-6cec-49ff-9f02-e2ea741a24fb",
      "mentioned_user_id": "70a8d3fc-35fe-4dcd-83a0-2c06a59388ea",
      "mentioning_user_id": "70a8d3fc-35fe-4dcd-83a0-2c06a59388ea",
      "mentioning_username": "Ccc",
      "message_text": "@Ccc привет",
      "timestamp": "2025-08-20T13:18:34.412373",
      "read": false
    }
  ]
}