{
  "users": [
    {
      "id": "582e2bd0-a0fc-4a14-befc-27f8bab02fdd",
      "username": "Aaa",
      "password_hash": "pbkdf2:sha256:260000$HXGBl2SOJw7BoGrq$145da5a8f7f71b0f6b7ba245e328110caca797eb0f512b61ad4d5e5a332dd23b",
      "avatar": "582e2bd0-a0fc-4a14-befc-27f8bab02fdd_file_00000000450c620aa8cd08676e55ef6b.png",
      "description": "Fhdbdvdb",
      "color": "lime-dark",
      "created_at": "2025-08-19T23:20:00.145569",
      "last_seen": "2025-08-20T13:16:56.331285"
    },
    {
      "id": "b535706c-68f9-4ae4-81e7-7e9ecb8912be",
      "username": "Bbb",
      "password_hash": "pbkdf2:sha256:260000$rjtRvSCUh0FK3jdY$6e9c907a53836630adc300518f6c327f2ead8bbca746e4a17d150f6e23b0c971",
      "avatar": "b535706c-68f9-4ae4-81e7-7e9ecb8912be_Screenshot_2025-08-13-08-11-01-664_com.mathieu.justagdps200.jpg?t=1755678797525",
      "description": "Hhcxfbbcxbnv",
      "color": "amber-normal",
      "created_at": "2025-08-19T23:34:55.128217",
      "last_seen": "2025-08-20T11:33:19.700072"
    },
    {
      "id": "70a8d3fc-35fe-4dcd-83a0-2c06a59388ea",
      "username": "Ccc",
      "password_hash": "pbkdf2:sha256:260000$4qmmpfxQRMp3AezI$d0064e13e3960cea98ed0d247ae372b49fd8ceef07764737523f3c4fa1340036",
      "avatar": "70a8d3fc-35fe-4dcd-83a0-2c06a59388ea_Screenshot_2025-08-13-19-56-47-458_com.discord.jpg",
      "description": "Fgdgd",
      "color": "lime-dark",
      "created_at": "2025-08-20T13:17:53.267821",
      "last_seen": "2025-08-20T13:18:06.234057"
    }
  ]
}